{"stats":{"minecraft:killed":{"minecraft:cat":1,"minecraft:horse":4,"minecraft:chicken":2,"minecraft:cow":2},"minecraft:custom":{"minecraft:time_since_rest":4708,"minecraft:open_chest":7,"minecraft:play_time":4708,"minecraft:sprint_one_cm":8479,"minecraft:walk_one_cm":27800,"minecraft:mob_kills":9,"minecraft:jump":129,"minecraft:damage_dealt":1391,"minecraft:leave_game":1,"minecraft:time_since_death":4708,"minecraft:walk_on_water_one_cm":225,"minecraft:total_world_time":4708,"minecraft:fall_one_cm":1374,"minecraft:fly_one_cm":26420},"minecraft:crafted":{"minecraft:oak_planks":4,"minecraft:crafting_table":1},"minecraft:picked_up":{"minecraft:feather":1,"minecraft:chicken":2,"minecraft:rotten_flesh":2,"minecraft:leather":7,"minecraft:beef":6,"minecraft:oak_log":1,"minecraft:string":1,"minecraft:dirt":7},"minecraft:used":{"minecraft:netherite_sword":14,"minecraft:dirt":2,"minecraft:crafting_table":1},"minecraft:mined":{"minecraft:grass":1,"minecraft:grass_block":6,"minecraft:oak_log":1,"minecraft:dirt":2}},"DataVersion":3465}